Date,Close/Last,Volume,Open,High,Low
01/30/2026,100.13,12469670,100.16,100.22,100.11
01/29/2026,100.15,10066550,100.10,100.24,100.01
01/28/2026,100.15,14730060,100.15,100.17,100.00
01/27/2026,100.19,7571771,100.25,100.3272,100.165
01/26/2026,100.26,6527090,100.26,100.305,100.21
01/23/2026,100.11,8621395,100.05,100.15,99.96
01/22/2026,100.02,10154560,99.91,100.08,99.87
01/21/2026,100.00,16939840,99.77,100.03,99.72
01/20/2026,99.67,14337310,99.71,99.86,99.66
01/16/2026,100.05,10332460,100.22,100.24,100.04
01/15/2026,100.22,9923598,100.42,100.42,100.22
01/14/2026,100.35,8585382,100.23,100.41,100.23
01/13/2026,100.20,7561565,100.24,100.24,100.0907
01/12/2026,100.11,9871275,100.06,100.21,100.025
01/09/2026,100.16,9879943,100.08,100.2697,99.97
01/08/2026,99.94,6184140,99.94,100.01,99.91
01/07/2026,100.12,7151866,100.17,100.20,100.03
01/06/2026,100.02,8573862,99.93,100.03,99.81
01/05/2026,100.04,9364905,99.93,100.07,99.88
01/02/2026,99.85,6730314,100.00,100.01,99.81
12/31/2025,99.88,13535520,100.02,100.12,99.88
12/30/2025,100.12,7955848,100.06,100.18,100.0321
12/29/2025,100.16,7886660,100.12,100.19,100.0601
12/26/2025,100.04,6503670,100.13,100.15,99.97
12/24/2025,100.02,4483895,99.90,100.04,99.8501
12/23/2025,99.80,9744231,99.60,99.815,99.58
12/22/2025,99.80,6178745,99.82,99.83,99.74
12/19/2025,99.84,6216568,99.89,99.95,99.80
12/18/2025,100.32,8191080,100.32,100.37,100.215
12/17/2025,100.07,12010950,100.03,100.135,100.015
12/16/2025,100.10,8614448,99.87,100.15,99.86
12/15/2025,99.91,9960413,100.01,100.08,99.88
12/12/2025,99.81,7588508,99.84,99.92,99.7801
12/11/2025,100.12,9961268,100.32,100.35,100.0801
12/10/2025,100.10,9279664,99.77,100.13,99.76
12/09/2025,99.78,5967960,100.04,100.04,99.7736
12/08/2025,99.87,8039061,100.02,100.0333,99.7415
12/05/2025,100.03,6870064,100.17,100.1747,99.96
12/04/2025,100.14,6953210,100.25,100.31,100.11
12/03/2025,100.38,9744487,100.30,100.39,100.21
12/02/2025,100.19,7972078,100.07,100.22,100.04
12/01/2025,100.06,7249251,100.07,100.1399,100.0232
11/28/2025,100.82,5064814,100.91,100.9434,100.7001
11/26/2025,100.96,8935197,100.78,100.97,100.66
11/25/2025,100.80,16788420,100.71,100.9499,100.70
11/24/2025,100.64,7717732,100.51,100.6599,100.50
11/21/2025,100.44,9334905,100.45,100.50,100.2801
11/20/2025,100.20,12968080,100.18,100.28,100.135
11/19/2025,100.08,8951707,100.20,100.2499,100.03
11/18/2025,100.08,7731817,100.25,100.2699,100.00
11/17/2025,100.02,7821945,100.05,100.1367,100.01
11/14/2025,100.00,6350455,100.30,100.325,99.98
11/13/2025,100.12,7541607,100.24,100.33,100.12
11/12/2025,100.42,6267263,100.42,100.4969,100.355
11/11/2025,100.46,5186222,100.38,100.49,100.33
11/10/2025,100.16,7944991,100.20,100.27,100.10
11/07/2025,100.20,5708277,100.13,100.34,100.11
11/06/2025,100.24,7247564,100.18,100.30,100.14
11/05/2025,99.87,8164985,100.10,100.105,99.8201
11/04/2025,100.14,29687560,100.15,100.2772,100.13
11/03/2025,100.09,9042118,100.07,100.15,100.00
10/31/2025,100.54,13111990,100.66,100.70,100.5034
10/30/2025,100.60,13563860,100.48,100.76,100.46
10/29/2025,100.79,9275654,101.25,101.25,100.76
10/28/2025,101.27,10300920,101.19,101.30,101.1401
10/27/2025,101.21,8527970,101.08,101.21,100.9734
10/24/2025,101.14,6544551,101.17,101.1999,101.02
10/23/2025,101.04,9975319,101.11,101.17,101.01
10/22/2025,101.22,13263180,101.16,101.24,101.0944
10/21/2025,101.23,12966020,101.27,101.3499,101.20
10/20/2025,101.13,7299173,101.07,101.13,101.015
10/17/2025,100.96,11738940,101.01,101.01,100.855
10/16/2025,101.10,10035370,100.69,101.11,100.665
10/15/2025,100.74,6297053,100.82,100.93,100.6503
10/14/2025,100.78,8508742,100.57,100.79,100.53
10/13/2025,100.62,8320524,100.46,100.63,100.355
10/10/2025,100.43,10204150,100.355,100.535,100.2537
10/09/2025,100.02,5199511,100.08,100.10,100.00
10/08/2025,100.14,5726913,100.31,100.33,100.1109
10/07/2025,100.13,6379424,100.08,100.2299,100.02
10/06/2025,99.96,6950292,100.00,100.145,99.95
10/03/2025,100.18,5268682,100.32,100.38,100.16
10/02/2025,100.29,6055896,100.14,100.32,100.10
10/01/2025,100.18,6961327,100.18,100.26,100.03
09/30/2025,100.25,12400670,100.33,100.49,100.20
09/29/2025,100.26,7751896,100.18,100.33,100.14
09/26/2025,100.07,6868258,100.09,100.205,99.9701
09/25/2025,100.00,8743587,100.00,100.0599,99.85
09/24/2025,100.14,6610757,100.25,100.26,100.11
09/23/2025,100.33,8095806,100.24,100.36,100.16
09/22/2025,100.17,5642221,100.26,100.29,100.12
09/19/2025,100.29,7238582,100.30,100.36,100.21
09/18/2025,100.29,7123780,100.265,100.4099,100.16
09/17/2025,100.57,7878394,100.87,101.02,100.49
09/16/2025,100.75,8264633,100.75,100.97,100.6501
09/15/2025,100.71,5038980,100.67,100.74,100.6219
09/12/2025,100.54,6525926,100.48,100.54,100.335
09/11/2025,100.63,6776518,100.55,100.7799,100.53
09/10/2025,100.44,5952390,100.41,100.585,100.34
09/09/2025,100.24,7090107,100.38,100.455,100.1634
09/08/2025,100.44,7202666,100.33,100.45,100.3028
09/05/2025,100.10,7617276,100.14,100.23,100.08
09/04/2025,99.63,6297263,99.44,99.64,99.335
09/03/2025,99.23,8399985,98.95,99.3281,98.95
09/02/2025,98.87,8530146,98.82,98.945,98.785
08/29/2025,99.46,9181441,99.47,99.54,99.40
08/28/2025,99.59,7068538,99.43,99.6099,99.405
08/27/2025,99.47,7320773,99.22,99.47,99.165
08/26/2025,99.37,4695983,99.24,99.39,99.16
08/25/2025,99.25,5625046,99.21,99.34,99.16
08/22/2025,99.40,9451448,99.03,99.445,99.00
08/21/2025,98.85,7129167,98.96,98.985,98.734
08/20/2025,99.08,5615239,98.99,99.1599,98.98
08/19/2025,99.02,9946958,98.94,99.04,98.91
08/18/2025,98.83,7906363,98.99,99.00,98.75
08/15/2025,98.94,6884785,99.07,99.10,98.874
08/14/2025,99.09,5208674,99.18,99.2698,99.02
08/13/2025,99.37,5386916,99.28,99.4135,99.2605
08/12/2025,99.01,12239540,98.91,99.01,98.795
08/11/2025,99.01,9698278,99.01,99.115,98.941
08/08/2025,98.94,8238131,99.00,99.12,98.89
08/07/2025,99.13,7869348,99.23,99.3174,99.09
08/06/2025,99.21,8102718,99.14,99.29,98.835
08/05/2025,99.25,9092372,99.13,99.31,99.105
08/04/2025,99.22,6717955,99.16,99.24,99.03
08/01/2025,99.14,12416290,98.87,99.16,98.85
07/31/2025,98.62,19774720,98.72,98.83,98.57
07/30/2025,98.57,8305360,98.67,98.8199,98.52
07/29/2025,98.85,12015160,98.42,98.85,98.42
07/28/2025,98.32,7032238,98.36,98.42,98.28
07/25/2025,98.45,5530410,98.30,98.48,98.25
07/24/2025,98.29,9644196,98.11,98.36,98.09
07/23/2025,98.35,7467087,98.45,98.48,98.32
07/22/2025,98.57,6172677,98.48,98.64,98.43
07/21/2025,98.38,6865690,98.46,98.54,98.36
07/18/2025,98.11,8443792,98.15,98.17,98.0415
07/17/2025,97.93,8355454,97.98,98.0567,97.86
07/16/2025,97.89,23556800,97.89,98.02,97.685
07/15/2025,97.75,9680969,98.16,98.16,97.70
07/14/2025,98.04,6231389,98.01,98.125,97.93
07/11/2025,98.05,6106474,98.17,98.2472,98.02
07/10/2025,98.46,5127152,98.42,98.48,98.30
07/09/2025,98.49,11043650,98.21,98.49,98.13
07/08/2025,98.08,7804229,97.95,98.08,97.93
07/07/2025,98.12,8088095,98.32,98.33,98.06
07/03/2025,98.47,4583196,98.53,98.59,98.4057
07/02/2025,98.67,8755956,98.68,98.70,98.54
07/01/2025,98.79,18480330,98.87,98.9495,98.665
06/30/2025,99.20,14036870,99.05,99.23,98.9444
06/27/2025,98.80,25931630,98.87,99.095,98.76
06/26/2025,99.08,9775172,98.80,99.10,98.78
06/25/2025,98.81,8434797,98.62,98.81,98.52
06/24/2025,98.82,7907575,98.36,98.82,98.34
06/23/2025,98.42,5884591,98.40,98.65,98.30
06/20/2025,98.22,6213004,98.00,98.305,97.95
06/18/2025,98.13,5907865,98.21,98.395,98.03
06/17/2025,98.06,5312113,97.95,98.115,97.76
06/16/2025,97.76,5680895,97.89,98.07,97.75
06/13/2025,97.96,8050549,98.11,98.16,97.76
06/12/2025,98.31,5726351,98.24,98.32,98.12
06/11/2025,97.95,5992536,97.79,97.98,97.70
06/10/2025,97.62,4990864,97.72,97.7399,97.505
06/09/2025,97.40,7096604,97.29,97.54,97.27
06/06/2025,97.28,6299934,97.46,97.525,97.2505
06/05/2025,97.78,10456610,98.03,98.12,97.77
06/04/2025,98.03,7761493,97.75,98.09,97.69
06/03/2025,97.45,7177836,97.60,97.7518,97.37
06/02/2025,97.52,28390080,97.23,97.5955,97.23
05/30/2025,98.10,15488430,97.86,98.10,97.80
05/29/2025,97.86,7724141,97.74,97.94,97.70
05/28/2025,97.50,4909442,97.56,97.6746,97.375
05/27/2025,97.68,7461471,97.51,97.74,97.42
05/23/2025,97.24,5210517,97.34,97.38,97.08
05/22/2025,97.10,6084846,96.77,97.11,96.66
05/21/2025,96.82,12393430,97.17,97.28,96.7444
05/20/2025,97.46,7496635,97.52,97.54,97.28
05/19/2025,97.63,7232766,97.14,97.66,97.10
05/16/2025,97.66,5262544,97.91,97.92,97.62
05/15/2025,97.60,7638874,97.31,97.60,97.22
05/14/2025,97.05,7350713,97.28,97.34,97.01
05/13/2025,97.33,6305463,97.50,97.55,97.24
05/12/2025,97.43,10768260,97.45,97.6599,97.33
05/09/2025,97.76,5739278,97.86,97.97,97.74
05/08/2025,97.66,7814291,98.21,98.23,97.65
05/07/2025,98.17,6556985,98.16,98.3395,98.0907
05/06/2025,98.02,11730110,97.78,98.02,97.65
05/05/2025,97.78,14273810,97.90,97.91,97.645
05/02/2025,97.95,9879165,98.06,98.3417,97.82
05/01/2025,98.43,6912635,98.83,98.873,98.28
04/30/2025,99.02,7370375,98.99,99.165,98.8848
04/29/2025,99.11,6731098,98.76,99.11,98.75
04/28/2025,98.87,4890765,98.52,98.8999,98.50
04/25/2025,98.60,9058952,98.47,98.6283,98.3649
04/24/2025,98.24,8524534,98.06,98.25,98.00
04/23/2025,97.70,13376710,98.33,98.47,97.65
04/22/2025,97.46,6521502,97.61,97.77,97.445
04/21/2025,97.28,7925680,97.61,97.83,97.28
04/17/2025,97.87,5589431,98.06,98.1135,97.81
04/16/2025,98.12,10105020,97.88,98.19,97.72
04/15/2025,97.81,10074370,97.60,97.9612,97.51
04/14/2025,97.61,7940563,97.44,97.69,97.27
04/11/2025,97.04,8437429,96.66,97.17,96.15
04/10/2025,97.14,9940126,97.67,97.86,97.11
04/09/2025,97.91,16244400,97.07,97.99,96.63
04/08/2025,97.69,13173370,98.10,98.69,97.64
04/07/2025,98.20,21796530,99.22,99.31,98.00
04/04/2025,99.46,14914280,99.92,100.55,99.44
04/03/2025,99.37,9905042,99.47,99.73,99.05
04/02/2025,98.85,8225068,99.17,99.21,98.615
04/01/2025,98.96,10295170,98.81,99.13,98.6223
03/31/2025,98.92,13350750,98.98,99.09,98.70
03/28/2025,98.73,8534084,98.54,98.82,98.455
03/27/2025,98.16,9513010,98.16,98.2299,98.01
03/26/2025,98.21,6744041,98.36,98.40,98.2032
03/25/2025,98.45,5663057,98.37,98.56,98.34
03/24/2025,98.36,4894841,98.60,98.64,98.32
03/21/2025,98.74,5028775,98.96,99.035,98.74
03/20/2025,98.86,6556791,99.22,99.2499,98.80
03/19/2025,98.80,6764189,98.42,98.8291,98.325
03/18/2025,98.51,9022067,98.30,98.62,98.28
03/17/2025,98.41,10605920,98.49,98.65,98.345
03/14/2025,98.28,8949789,98.34,98.42,98.25
03/13/2025,98.48,7959567,98.09,98.50,98.012
03/12/2025,98.18,8436677,98.30,98.43,98.16
03/11/2025,98.47,10187880,98.77,98.94,98.42
03/10/2025,98.82,12319020,98.81,98.99,98.73
03/07/2025,98.35,6450705,98.85,98.9752,98.30
03/06/2025,98.47,9946193,98.51,98.62,98.23
03/05/2025,98.57,7302567,98.97,99.055,98.55
03/04/2025,98.91,7532407,99.30,99.40,98.81
03/03/2025,99.16,7533471,98.66,99.19,98.60
02/28/2025,99.25,14453010,99.08,99.285,98.92
02/27/2025,98.81,6263221,98.77,98.9263,98.725
02/26/2025,98.96,5036046,98.77,99.02,98.6549
02/25/2025,98.80,5801251,98.65,98.81,98.56
02/24/2025,98.19,7298424,97.96,98.24,97.935
02/21/2025,98.02,7070574,97.75,98.175,97.70
02/20/2025,97.60,27958750,97.54,97.6686,97.50
02/19/2025,97.45,5604824,97.27,97.4999,97.27
02/18/2025,97.31,8159401,97.46,97.58,97.31
02/14/2025,97.70,6257547,97.75,97.88,97.67
02/13/2025,97.34,7041568,97.16,97.425,96.84
02/12/2025,96.76,6404974,96.77,96.88,96.61
02/11/2025,97.27,8001204,97.27,97.34,97.2218
02/10/2025,97.49,6038721,97.57,97.68,97.41
02/07/2025,97.46,6422344,97.52,97.59,97.36
02/06/2025,97.77,6629549,97.77,97.8764,97.6318
02/05/2025,97.87,9716763,97.70,97.995,97.66
02/04/2025,97.35,8483497,97.02,97.38,97.0001
02/03/2025,97.17,9977153,97.34,97.5375,97.05
01/31/2025,97.40,10750150,97.62,97.73,97.26
01/30/2025,97.60,6802911,97.62,97.725,97.5198
01/29/2025,97.46,5912753,97.58,97.645,97.22
01/28/2025,97.52,5730533,97.34,97.53,97.29
01/27/2025,97.55,7601955,97.49,97.56,97.31
01/24/2025,97.01,6459421,96.87,97.1099,96.80
01/23/2025,96.85,7706998,96.77,96.92,96.72
01/22/2025,97.01,7283359,97.21,97.25,96.96
01/21/2025,97.24,7726045,97.15,97.28,97.09
01/17/2025,96.92,5360235,97.07,97.095,96.87
01/16/2025,96.92,9810870,96.63,97.025,96.50
01/15/2025,96.71,9562977,96.94,96.94,96.552
01/14/2025,95.88,5487559,95.86,95.93,95.7501
01/13/2025,95.85,10420720,95.94,95.95,95.735
01/10/2025,95.94,9822014,95.85,96.225,95.85
01/08/2025,96.48,7444537,96.27,96.52,96.23
01/07/2025,96.37,9153293,96.61,96.675,96.24
01/06/2025,96.71,9248349,96.72,96.7999,96.58
01/03/2025,96.81,5331125,97.03,97.0676,96.79
01/02/2025,96.91,5547684,97.07,97.205,96.78
12/31/2024,96.90,12276730,97.15,97.2099,96.83
12/30/2024,97.02,10154730,97.00,97.08,96.96
12/27/2024,96.64,8601525,96.79,96.89,96.61
12/26/2024,96.84,10620330,96.52,96.8799,96.51
12/24/2024,96.77,4739264,96.50,96.78,96.47
12/23/2024,96.66,10540780,96.95,96.9699,96.60
12/20/2024,96.96,8657695,97.05,97.22,96.94
12/19/2024,96.70,15490130,96.76,96.82,96.5045
12/18/2024,96.95,14261480,97.66,97.80,96.90
12/17/2024,98.01,7239282,98.00,98.13,97.95
12/16/2024,98.01,7124119,98.07,98.0998,97.8841
12/13/2024,97.92,6566351,98.20,98.23,97.87
12/12/2024,98.29,12353320,98.53,98.58,98.25
12/11/2024,98.69,8095829,99.08,99.1546,98.66
12/10/2024,98.92,5984610,98.87,98.99,98.804
12/09/2024,99.04,10689040,99.20,99.22,99.03
12/06/2024,99.33,12890680,99.40,99.44,99.1397
12/05/2024,99.05,8787117,98.96,99.11,98.85
12/04/2024,99.03,7448899,98.52,99.09,98.484
12/03/2024,98.71,6889766,98.97,99.06,98.67
12/02/2024,98.90,18397840,99.39,99.60,98.58
11/29/2024,99.20,9623184,99.15,99.215,99.08
11/27/2024,98.81,8749917,98.80,98.9299,98.65
11/26/2024,98.54,11303240,98.49,98.54,98.30
11/25/2024,98.69,9246256,98.53,98.70,98.43
11/22/2024,97.81,4989634,97.87,97.92,97.72
11/21/2024,97.74,6348553,97.85,98.01,97.6701
11/20/2024,97.79,5551154,97.69,97.93,97.67
11/19/2024,97.89,4735960,97.95,98.045,97.87
11/18/2024,97.75,5260760,97.55,97.82,97.465
11/15/2024,97.66,11844290,97.44,97.88,97.26
11/14/2024,97.65,7312304,97.85,97.99,97.57
11/13/2024,97.69,15834910,98.17,98.20,97.57
11/12/2024,97.71,16775680,97.98,98.14,97.6501
11/11/2024,98.28,4501340,98.30,98.33,98.16
11/08/2024,98.50,6199838,98.48,98.715,98.3748
11/07/2024,98.33,17402310,97.96,98.54,97.90
11/06/2024,97.59,9158058,97.43,97.8199,97.355
11/05/2024,98.36,6663038,98.09,98.39,97.86
11/04/2024,98.13,6630091,98.25,98.375,97.9538
11/01/2024,97.72,10387260,98.29,98.38,97.6801
10/31/2024,98.42,12754770,98.32,98.5789,98.1501
10/30/2024,98.44,11188380,98.75,98.94,98.40
10/29/2024,98.54,5421716,98.12,98.56,98.0871
10/28/2024,98.43,7363142,98.64,98.65,98.2946
10/25/2024,98.59,9028548,98.97,98.99,98.54
10/24/2024,98.79,7559385,98.68,98.95,98.60
10/23/2024,98.60,19660140,98.57,98.76,98.4815
10/22/2024,98.85,11401910,98.93,99.01,98.77
10/21/2024,98.83,6874029,99.18,99.205,98.83
10/18/2024,99.52,4973029,99.63,99.675,99.50
10/17/2024,99.45,5306334,99.60,99.66,99.42
10/16/2024,99.94,4741263,99.96,100.04,99.87
10/15/2024,99.81,7158682,99.74,99.84,99.68
10/14/2024,99.41,3512569,99.20,99.42,99.1701
10/11/2024,99.50,4878672,99.41,99.62,99.36
10/10/2024,99.47,5757678,99.45,99.55,99.2338
10/09/2024,99.53,8218472,99.64,99.67,99.47
10/08/2024,99.79,7340131,99.52,99.79,99.49
10/07/2024,99.62,6382168,99.64,99.765,99.58
10/04/2024,99.96,9641064,100.10,100.14,99.8901
10/03/2024,100.61,8751191,100.85,100.8867,100.59
10/02/2024,101.02,11700910,100.88,101.1056,100.805
10/01/2024,101.23,8811488,101.27,101.445,101.15
09/30/2024,101.27,9105421,101.44,101.4794,101.14
09/27/2024,101.50,5033279,101.41,101.56,101.325
09/26/2024,101.21,8124446,101.32,101.35,101.00
09/25/2024,101.19,9259117,101.42,101.4265,101.19
09/24/2024,101.58,5803587,101.27,101.619,101.22
09/23/2024,101.44,8428058,101.34,101.59,101.185
09/20/2024,101.48,8464907,101.43,101.65,101.315
09/19/2024,101.57,5079896,101.41,101.6101,101.3701
09/18/2024,101.56,6280106,101.68,102.03,101.53
09/17/2024,101.88,9256001,101.99,102.0301,101.825
09/16/2024,101.98,8425911,101.83,102.04,101.7482
09/13/2024,101.74,5330629,101.76,101.82,101.62
09/12/2024,101.53,6419517,101.56,101.65,101.38
09/11/2024,101.62,4184407,101.51,101.85,101.46
09/10/2024,101.65,5979509,101.34,101.70,101.31
09/09/2024,101.34,7569256,101.15,101.429,101.05
09/06/2024,101.19,8830177,101.13,101.595,100.97
09/05/2024,101.06,11921950,101.02,101.115,100.75
09/04/2024,100.80,10867810,100.43,100.85,100.40
09/03/2024,100.36,6837399,100.32,100.53,100.23
08/30/2024,100.25,7213235,100.51,100.64,100.22
08/29/2024,100.49,6912660,100.45,100.55,100.3506
08/28/2024,100.62,6960499,100.71,100.77,100.60
08/27/2024,100.71,7965500,100.48,100.74,100.43
08/26/2024,100.68,6653194,100.92,100.92,100.66
08/23/2024,100.77,6179548,100.52,100.81,100.43
08/22/2024,100.31,7893691,100.54,100.565,100.23
08/21/2024,100.72,6366682,100.61,100.90,100.43
08/20/2024,100.53,5516765,100.41,100.56,100.33
08/19/2024,100.23,4690310,100.07,100.3374,100.04
08/16/2024,100.12,6507875,100.03,100.12,99.85
08/15/2024,99.88,8628478,99.70,99.90,99.65
08/14/2024,100.30,9871619,100.15,100.40,100.14
08/13/2024,100.12,3925473,100.04,100.12,99.93
08/12/2024,99.72,7300711,99.47,99.78,99.41
08/09/2024,99.55,3879241,99.64,99.70,99.48
08/08/2024,99.20,5558079,99.11,99.28,99.07
08/07/2024,99.35,8085207,99.51,99.6142,99.24
08/06/2024,99.65,10945180,100.14,100.155,99.625
08/05/2024,100.25,12066080,100.82,100.89,100.0205
08/02/2024,100.33,9397607,99.88,100.37,99.80
08/01/2024,99.22,9642741,99.01,99.32,99.005
07/31/2024,99.11,11725120,98.81,99.12,98.6493
07/30/2024,98.58,5845841,98.52,98.64,98.38
07/29/2024,98.48,6822624,98.54,98.54,98.37
07/26/2024,98.32,4243795,98.29,98.3574,98.18
07/25/2024,97.97,12766230,97.84,98.135,97.82
07/24/2024,97.70,6578527,97.82,98.19,97.70
07/23/2024,98.00,7225976,98.095,98.18,97.98
07/22/2024,98.01,11657640,98.12,98.20,97.8625
07/19/2024,98.05,7735774,98.04,98.0969,97.97
07/18/2024,98.25,10584200,98.37,98.56,98.21
07/17/2024,98.52,5680415,98.26,98.57,98.23
07/16/2024,98.45,8936096,98.18,98.45,98.14
07/15/2024,98.05,6984734,98.15,98.28,98.025
07/12/2024,98.39,6329054,98.17,98.39,98.1302
07/11/2024,98.12,3790200,98.18,98.31,98.09
07/10/2024,97.62,4586211,97.61,97.67,97.485
07/09/2024,97.52,5004874,97.51,97.605,97.34
07/08/2024,97.61,4603072,97.59,97.65,97.45
07/05/2024,97.58,3490062,97.45,97.63,97.305
07/03/2024,97.09,4061079,96.80,97.165,96.77
07/02/2024,96.57,5441965,96.64,96.6702,96.441
07/01/2024,96.25,12239100,96.43,96.66,96.22
06/28/2024,97.07,12781550,97.77,97.795,97.07
06/27/2024,97.55,5276457,97.56,97.67,97.535
06/26/2024,97.39,4964125,97.43,97.49,97.37
06/25/2024,97.83,5701669,97.78,97.88,97.7118
06/24/2024,97.84,5017272,97.82,97.86,97.72
06/21/2024,97.76,4715500,97.89,97.98,97.645
06/20/2024,97.75,5621633,97.55,97.77,97.515
06/18/2024,97.92,7030650,97.70,98.04,97.6754
06/17/2024,97.57,5265075,97.57,97.60,97.445
06/14/2024,97.92,6239526,97.85,98.045,97.85
06/13/2024,97.82,7094817,97.70,97.93,97.58
06/12/2024,97.33,7627065,97.60,97.8116,97.31
06/11/2024,96.87,4650303,96.64,96.93,96.56
06/10/2024,96.54,8235950,96.52,96.5875,96.4301
06/07/2024,96.62,5364971,96.82,96.82,96.62
06/06/2024,97.48,6568939,97.31,97.50,97.31
06/05/2024,97.45,4602541,97.29,97.45,97.04
06/04/2024,97.15,3979112,97.00,97.24,96.94
06/03/2024,96.80,6095674,96.40,96.80,96.38
05/31/2024,96.52,8762935,96.46,96.5886,96.41
05/30/2024,96.21,5568856,96.08,96.23,96.02
05/29/2024,95.76,8249084,95.91,95.93,95.6317
05/28/2024,96.13,6046075,96.67,96.69,96.12
05/24/2024,96.58,3072140,96.43,96.62,96.39
05/23/2024,96.47,5094928,96.83,96.83,96.37
05/22/2024,96.74,3823632,96.66,96.8899,96.65
05/21/2024,96.86,5227948,96.92,96.945,96.83
05/20/2024,96.68,5262987,96.71,96.76,96.665
05/17/2024,96.77,5267144,96.92,96.9986,96.77
05/16/2024,97.08,7894451,97.23,97.27,97.01
05/15/2024,97.19,5846511,97.11,97.28,96.9801
05/14/2024,96.55,5243275,96.50,96.64,96.42
05/13/2024,96.29,5263260,96.44,96.4674,96.28
05/10/2024,96.24,5326446,96.26,96.325,96.16
05/09/2024,96.44,6732586,96.20,96.53,96.19
05/08/2024,96.26,4587251,96.25,96.3453,96.2318
05/07/2024,96.46,7686999,96.53,96.67,96.38
05/06/2024,96.26,10155470,96.21,96.33,96.15
05/03/2024,96.19,9146714,96.32,96.455,95.93
05/02/2024,95.70,7607332,95.27,95.73,95.22
05/01/2024,95.27,11017680,95.20,95.58,94.99
04/30/2024,95.23,11228470,95.32,95.50,95.15
04/29/2024,95.62,7384591,95.60,95.67,95.45
04/26/2024,95.33,8442514,95.32,95.4698,95.30
04/25/2024,95.12,6758125,94.94,95.14,94.85
04/24/2024,95.39,7960989,95.38,95.465,95.2001
04/23/2024,95.64,10837190,95.38,95.84,95.30
04/22/2024,95.44,9029044,95.33,95.525,95.32
04/19/2024,95.38,9121718,95.53,95.55,95.33
04/18/2024,95.28,7717474,95.55,95.57,95.2201
04/17/2024,95.55,7567782,95.40,95.61,95.25
04/16/2024,95.11,17565920,95.01,95.175,94.90
04/15/2024,95.38,11705250,95.47,95.53,95.205
04/12/2024,95.96,17284700,96.08,96.1963,95.96
04/11/2024,95.78,16217810,95.98,96.025,95.59
04/10/2024,95.76,11248930,96.22,96.27,95.74
04/09/2024,96.92,5736500,96.83,96.98,96.83
04/08/2024,96.59,11457110,96.56,96.70,96.50
04/05/2024,96.68,12343560,96.76,96.995,96.675
04/04/2024,97.16,9327565,97.11,97.17,96.92
04/03/2024,96.93,6919270,96.58,96.95,96.485
04/02/2024,96.87,10624650,96.66,96.89,96.54
04/01/2024,96.94,8667445,97.32,97.34,96.89
03/28/2024,97.94,8863332,97.93,98.08,97.85
03/27/2024,98.06,9366825,97.80,98.075,97.79
03/26/2024,97.74,8830456,97.66,97.76,97.52
03/25/2024,97.64,11037740,97.76,97.76,97.57
03/22/2024,97.82,8359208,97.91,97.91,97.74
03/21/2024,97.51,10100250,97.62,97.68,97.41
03/20/2024,97.44,8681408,97.29,97.63,97.13
03/19/2024,97.24,5076659,97.15,97.3391,97.105
03/18/2024,97.00,5227228,97.07,97.12,96.92
03/15/2024,97.10,5756900,97.15,97.195,97.02
03/14/2024,97.11,10541000,97.48,97.48,97.10
03/13/2024,97.73,5846648,97.82,97.93,97.73
03/12/2024,97.91,7471902,98.02,98.04,97.80
03/11/2024,98.16,11354560,98.28,98.305,98.09
03/08/2024,98.27,7168723,98.34,98.405,98.19
03/07/2024,98.18,7726663,98.22,98.24,97.97
03/06/2024,97.97,16536200,97.95,98.1601,97.91
03/05/2024,97.82,6815524,97.69,97.92,97.60
03/04/2024,97.29,7428243,97.26,97.3801,97.23
03/01/2024,97.53,8994931,96.99,97.55,96.81
02/29/2024,97.35,16774090,97.38,97.555,97.29
02/28/2024,97.19,7942456,97.07,97.23,97.0133
02/27/2024,97.00,9065486,97.10,97.215,96.94
02/26/2024,97.13,9374597,97.34,97.35,96.97
02/23/2024,97.34,7738039,96.99,97.39,96.99
02/22/2024,96.98,7538284,96.93,97.09,96.84
02/21/2024,96.90,7785144,97.28,97.28,96.8653
02/20/2024,97.19,8735680,97.23,97.3575,97.16
02/16/2024,97.10,7723697,96.95,97.10,96.895
02/15/2024,97.41,7194549,97.49,97.55,97.2301
02/14/2024,97.18,8776901,96.84,97.215,96.84
02/13/2024,96.75,15872620,97.04,97.095,96.75
02/12/2024,97.65,5696254,97.70,97.745,97.52
02/09/2024,97.63,7120463,97.54,97.63,97.495
02/08/2024,97.66,12446860,97.78,97.84,97.62
02/07/2024,97.96,8785226,97.99,98.28,97.94
02/06/2024,98.16,6608583,97.79,98.20,97.775
02/05/2024,97.65,7656888,97.89,97.91,97.56
02/02/2024,98.46,8422612,98.49,98.62,98.2616
02/01/2024,99.37,11937360,99.20,99.565,99.02
01/31/2024,99.10,10829130,99.00,99.26,98.81
01/30/2024,98.65,6740125,98.64,98.69,98.29
01/29/2024,98.46,6423562,98.30,98.53,98.1918
01/26/2024,98.07,5022843,98.20,98.20,97.984
01/25/2024,98.18,16521610,98.01,98.20,97.96
01/24/2024,97.74,11278510,98.29,98.33,97.70
01/23/2024,97.96,5642997,97.99,98.00,97.82
01/22/2024,98.20,8712582,98.26,98.3556,98.10
01/19/2024,98.02,9126093,97.89,98.02,97.6714
01/18/2024,98.00,10575150,98.16,98.195,97.89
01/17/2024,98.09,8977600,98.16,98.2099,97.94
01/16/2024,98.36,14489800,98.72,98.85,98.2701
01/12/2024,99.10,6359407,99.14,99.36,98.96
01/11/2024,98.92,7275940,98.53,98.9599,98.41
01/10/2024,98.36,7679382,98.74,98.80,98.36
01/09/2024,98.55,7157411,98.39,98.66,98.39
01/08/2024,98.57,7946495,98.24,98.71,98.205
01/05/2024,98.20,9038700,98.13,98.69,98.0694
01/04/2024,98.43,9896688,98.42,98.5499,98.325
01/03/2024,98.83,10002140,98.45,98.9367,98.3114
01/02/2024,98.78,9754476,98.84,98.97,98.725
12/29/2023,99.25,7327825,99.20,99.425,99.13
12/28/2023,99.44,7172285,99.54,99.65,99.3127
12/27/2023,99.66,6919952,99.40,99.70,99.3127
12/26/2023,99.03,5418487,98.93,99.08,98.89
12/22/2023,98.83,13234680,99.13,99.135,98.805
12/21/2023,98.96,9099118,99.22,99.255,98.83
12/20/2023,98.97,9994103,98.87,99.04,98.69
12/19/2023,98.61,13787120,98.63,98.777,98.59
12/18/2023,98.49,11521010,98.58,98.58,98.42
12/15/2023,98.69,10079310,98.80,98.88,98.59
12/14/2023,98.92,12651260,98.68,99.04,98.6102
12/13/2023,98.41,11194420,97.39,98.45,97.3299
12/12/2023,97.19,11711460,96.94,97.19,96.8213
12/11/2023,96.90,15008720,96.80,96.95,96.60
12/08/2023,96.89,6696783,96.99,97.065,96.7217
12/07/2023,97.38,7157947,97.22,97.56,97.22
12/06/2023,97.35,11111230,97.24,97.49,97.15
12/05/2023,97.10,8850641,96.85,97.145,96.785
12/04/2023,96.46,9440199,96.58,96.6678,96.3135
12/01/2023,96.83,11774330,96.00,96.869,95.97
11/30/2023,96.26,8889239,96.38,96.41,96.13
11/29/2023,96.58,8006828,96.42,96.665,96.3414
11/28/2023,96.11,9749395,95.61,96.13,95.565
11/27/2023,95.69,8854641,95.36,95.72,95.33
11/24/2023,95.15,2944257,95.24,95.3158,95.12
11/22/2023,95.59,6329863,95.68,95.75,95.37
11/21/2023,95.50,7393840,95.45,95.5699,95.28
11/20/2023,95.40,10051650,95.07,95.42,95.07
11/17/2023,95.25,9244042,95.21,95.36,95.025
11/16/2023,95.06,10145390,94.85,95.1979,94.85
11/15/2023,94.54,10956780,94.70,94.715,94.455
11/14/2023,95.13,12149610,95.03,95.20,94.93
11/13/2023,93.95,9679644,93.64,93.97,93.53
11/10/2023,93.96,6101956,94.19,94.215,93.88
11/09/2023,93.74,9163165,94.42,94.44,93.73
11/08/2023,94.53,6932255,94.27,94.6154,94.25
11/07/2023,94.21,7306930,93.94,94.36,93.91
11/06/2023,93.71,8521632,93.93,93.99,93.634
11/03/2023,94.18,11890350,94.54,94.685,94.14
11/02/2023,93.61,11166740,93.68,93.76,93.37
11/01/2023,93.05,14404640,92.23,93.05,92.23
10/31/2023,92.31,12343610,92.45,92.63,92.31
10/30/2023,92.37,8166711,92.29,92.505,92.1523
10/27/2023,92.59,7650175,92.56,92.6405,92.37
10/26/2023,92.62,11574570,92.12,92.64,92.105
10/25/2023,92.00,8904428,92.33,92.35,91.92
10/24/2023,92.69,9165301,92.43,92.69,92.28
10/23/2023,92.36,12886000,91.70,92.50,91.5819
10/20/2023,92.00,6630026,91.94,92.135,91.9006
10/19/2023,91.67,11552720,91.89,92.165,91.61
10/18/2023,92.02,9352743,92.29,92.375,91.94
10/17/2023,92.45,8198418,92.51,92.6873,92.35
10/16/2023,93.12,6332779,93.32,93.405,93.10
10/13/2023,93.64,7516133,93.68,93.79,93.5234
10/12/2023,93.24,11189790,93.87,93.91,93.17
10/11/2023,94.05,15347040,93.94,94.05,93.76
10/10/2023,93.62,14553560,93.39,93.805,93.255
10/09/2023,93.71,4353218,93.22,93.72,93.15
10/06/2023,92.75,9569518,92.46,92.98,92.3708
10/05/2023,93.11,7129439,93.17,93.22,92.99
10/04/2023,93.05,14097770,92.77,93.05,92.55
10/03/2023,92.40,12058370,92.99,93.086,92.3745
10/02/2023,93.13,8880050,93.43,93.51,93.10
09/29/2023,94.04,13483640,94.50,94.565,93.97
09/28/2023,94.13,13334180,93.70,94.16,93.5299
09/27/2023,93.85,14560460,94.47,94.5122,93.6562
09/26/2023,94.18,15549170,94.47,94.505,94.15
09/25/2023,94.30,7485203,94.49,94.6175,94.285
09/22/2023,95.05,7294228,94.78,95.09,94.73
09/21/2023,94.65,8028921,94.80,94.8059,94.64
09/20/2023,95.30,6282734,95.57,95.6981,95.30
09/19/2023,95.35,5327873,95.54,95.59,95.35
09/18/2023,95.63,6066168,95.37,95.6399,95.36
09/15/2023,95.49,5667690,95.64,95.695,95.48
09/14/2023,95.71,5952843,95.96,95.975,95.6801
09/13/2023,95.84,5953577,95.61,95.95,95.59
09/12/2023,95.70,4583413,95.71,95.73,95.5743
09/11/2023,95.67,4077173,95.66,95.73,95.57
09/08/2023,95.78,4774309,95.93,96.02,95.76
09/07/2023,95.73,5077850,95.59,95.74,95.49
09/06/2023,95.43,8379217,95.63,95.64,95.31
09/05/2023,95.52,6111516,95.85,95.87,95.52
09/01/2023,96.04,8132478,96.54,96.57,95.9825
08/31/2023,96.80,7230076,96.78,96.9557,96.715
08/30/2023,96.66,8752362,96.78,96.825,96.62
08/29/2023,96.70,7386310,95.91,96.71,95.91
08/28/2023,96.08,6544469,96.10,96.11,95.925
08/25/2023,95.87,7917939,95.82,96.08,95.5957
08/24/2023,95.93,8247712,95.99,96.12,95.85
08/23/2023,96.15,7831606,95.75,96.15,95.731
08/22/2023,95.24,6156222,95.17,95.32,95.06
08/21/2023,95.14,13362270,95.255,95.30,95.04
08/18/2023,95.62,6154612,95.47,95.7475,95.43
08/17/2023,95.41,8162377,95.50,95.5455,95.21
08/16/2023,95.51,8964587,95.76,95.93,95.45
08/15/2023,95.74,6522465,95.81,96.07,95.74
08/14/2023,96.00,7901458,95.98,96.22,95.83
08/11/2023,96.07,9016684,96.12,96.415,96.07
08/10/2023,96.37,15516100,97.06,97.22,96.37
08/09/2023,97.00,5634703,97.01,97.1199,96.9136
08/08/2023,96.93,6867329,96.94,97.1092,96.835
08/07/2023,96.70,9732593,96.64,96.70,96.48
08/04/2023,96.68,6400359,96.25,96.75,96.25
08/03/2023,95.89,7532793,95.93,96.0181,95.80
08/02/2023,96.54,8551942,96.48,96.56,96.23
08/01/2023,96.77,8810799,97.01,97.09,96.71
07/31/2023,97.68,11079100,97.53,97.80,97.5219
07/28/2023,97.56,9233678,97.39,97.59,97.3102
07/27/2023,97.18,6937871,97.84,97.93,97.105
07/26/2023,98.02,5907376,97.93,98.065,97.68
07/25/2023,97.70,5794830,97.58,97.79,97.57
07/24/2023,97.81,6656685,98.10,98.155,97.79
07/21/2023,97.99,7605261,98.11,98.15,97.94
07/20/2023,97.92,12562380,98.06,98.075,97.7344
07/19/2023,98.43,7467923,98.35,98.48,98.185
07/18/2023,98.13,5593380,98.33,98.41,98.13
07/17/2023,98.05,4689526,97.95,98.10,97.85
07/14/2023,97.94,7208467,98.23,98.31,97.92
07/13/2023,98.41,7458509,98.18,98.44,98.115
07/12/2023,97.80,7189081,97.51,97.8499,97.45
07/11/2023,97.01,5978640,96.94,97.0999,96.855
07/10/2023,96.80,8827490,96.57,96.94,96.55
07/07/2023,96.53,8311015,96.4247,96.75,96.4247
07/06/2023,96.51,9534231,96.56,96.64,96.28
07/05/2023,97.14,6046567,97.51,97.53,97.05
07/03/2023,97.58,3691597,97.82,98.04,97.54
06/30/2023,97.95,13417260,97.86,98.10,97.74
06/29/2023,97.72,8877566,97.80,97.87,97.61
06/28/2023,98.48,8622853,98.34,98.535,98.20
06/27/2023,98.19,7803348,98.45,98.585,98.10
06/26/2023,98.38,10632270,98.50,98.5125,98.31
06/23/2023,98.26,4792937,98.49,98.50,98.10
06/22/2023,97.97,7147656,98.17,98.325,97.92
06/21/2023,98.48,5579941,98.09,98.53,97.975
06/20/2023,98.32,6694188,98.28,98.505,98.17
06/16/2023,98.14,5653727,98.09,98.275,97.905
06/15/2023,98.45,7471994,98.29,98.46,98.1337
06/14/2023,97.77,8360159,97.88,97.99,97.4499
06/13/2023,97.68,9568345,98.48,98.48,97.6001
06/12/2023,98.14,5436273,98.09,98.16,97.73
06/09/2023,97.97,7140768,97.91,98.05,97.79
06/08/2023,98.20,5041870,97.80,98.21,97.77
06/07/2023,97.68,5131567,98.15,98.22,97.59
06/06/2023,98.20,3815981,98.12,98.21,97.89
06/05/2023,98.08,7246178,97.85,98.32,97.7741
06/02/2023,98.09,6877188,98.54,98.58,98.08
06/01/2023,98.61,9029803,98.60,98.80,98.484
05/31/2023,98.57,10560020,98.22,98.72,98.21
05/30/2023,98.22,7349896,97.90,98.24,97.85
05/26/2023,97.57,3889853,97.36,97.5898,97.2406
05/25/2023,97.49,5941485,97.74,97.80,97.4399
05/24/2023,97.85,7719174,98.17,98.19,97.815
05/23/2023,98.10,7641202,97.92,98.2058,97.81
05/22/2023,97.99,8551145,98.14,98.33,97.97
05/19/2023,98.08,10285870,98.13,98.44,98.00
05/18/2023,98.30,4811544,98.49,98.51,98.27
05/17/2023,98.76,6318677,98.99,99.025,98.68
05/16/2023,98.91,6728498,98.89,98.95,98.74
05/15/2023,99.14,8532590,99.21,99.22,99.10
05/12/2023,99.39,4286034,99.89,99.95,99.39
05/11/2023,99.95,7703942,100.11,100.19,99.88
05/10/2023,99.65,4803044,99.43,99.68,99.39
05/09/2023,99.01,5712210,99.11,99.19,99.01
05/08/2023,99.10,5481302,99.21,99.35,99.0801
05/05/2023,99.65,4003005,99.64,99.7199,99.4542
05/04/2023,99.97,5262191,99.77,100.415,99.75
05/03/2023,100.09,5637180,99.89,100.1336,99.6901
05/02/2023,99.65,6085943,98.96,99.67,98.93
05/01/2023,98.69,10631640,99.35,99.41,98.595
04/28/2023,99.96,5469882,99.99,99.99,99.72
04/27/2023,99.45,4018321,99.61,99.63,99.39
04/26/2023,99.81,3723566,100.16,100.22,99.72
04/25/2023,100.18,5065415,99.97,100.25,99.9636
04/24/2023,99.56,3256883,99.42,99.59,99.36
04/21/2023,99.17,5367257,99.51,99.56,99.11
04/20/2023,99.34,5092430,99.21,99.36,99.19
04/19/2023,98.89,3592906,98.89,98.93,98.71
04/18/2023,99.04,4753036,98.91,99.16,98.91
04/17/2023,98.90,4441277,99.13,99.175,98.88
04/14/2023,99.40,4794084,99.56,99.59,99.32
04/13/2023,99.89,3964799,100.16,100.2677,99.805
04/12/2023,99.93,7226075,100.17,100.20,99.61
04/11/2023,99.81,4543802,99.81,99.88,99.59
04/10/2023,99.75,4477955,99.89,99.91,99.60
04/06/2023,100.44,6105185,100.56,100.685,100.44
04/05/2023,100.53,9883500,100.50,100.98,100.41
04/04/2023,100.19,8925168,99.55,100.30,99.50
04/03/2023,99.82,7567059,99.28,99.855,99.21
03/31/2023,99.64,8521604,99.39,99.69,99.16
03/30/2023,99.16,4251904,99.03,99.23,98.9535
03/29/2023,99.05,5111265,98.74,99.11,98.72
03/28/2023,98.93,6356361,98.98,99.05,98.82
03/27/2023,99.08,6823373,99.39,99.52,99.07
03/24/2023,100.16,6217707,100.28,100.49,99.95
03/23/2023,99.99,9949714,99.68,100.05,99.51
03/22/2023,99.75,7585382,98.80,99.82,98.64
03/21/2023,98.80,5499073,98.88,99.03,98.70
03/20/2023,99.10,6346444,99.73,99.73,99.015
03/17/2023,99.50,8277602,99.29,99.80,99.21
03/16/2023,98.88,15219710,99.53,99.72,98.675
03/15/2023,99.27,11133660,99.43,99.70,98.81
03/14/2023,98.29,8159781,98.77,98.82,98.085
03/13/2023,98.87,10344140,99.05,99.65,98.62
03/10/2023,98.09,7515785,97.79,98.32,97.755
03/09/2023,96.96,7054402,96.76,97.1501,96.695
03/08/2023,96.61,8044025,96.904,97.08,96.48
03/07/2023,96.71,6013304,96.98,97.025,96.57
03/06/2023,96.84,4188489,97.27,97.29,96.81
03/03/2023,97.08,7266999,96.85,97.08,96.59
03/02/2023,96.32,9247374,96.15,96.35,96.11
03/01/2023,96.52,9125349,96.83,97.04,96.50
02/28/2023,97.31,8575033,96.992,97.37,96.9291
02/27/2023,97.32,5040022,97.41,97.49,97.215
02/24/2023,97.13,4866858,97.22,97.26,96.9696
02/23/2023,97.69,8527182,97.40,97.72,97.37
02/22/2023,97.34,5862307,97.40,97.59,97.30
02/21/2023,97.08,8369587,97.361,97.46,97.08
02/17/2023,98.00,5956279,97.53,98.01,97.53
02/16/2023,97.77,5235622,97.88,98.03,97.69
02/15/2023,98.18,6489232,98.24,98.36,98.03
02/14/2023,98.37,9559496,98.67,98.7574,98.11
02/13/2023,98.72,6832726,98.49,98.72,98.46
02/10/2023,98.42,5068200,98.82,98.83,98.40
02/09/2023,98.85,5594835,99.54,99.56,98.83
02/08/2023,99.24,4900645,99.14,99.43,98.95
02/07/2023,99.10,6224773,99.15,99.57,99.055
02/06/2023,99.27,9198870,99.31,99.415,99.23
02/03/2023,99.82,9082975,99.95,100.13,99.52
02/02/2023,100.79,9197909,101.04,101.15,100.735
02/01/2023,100.68,11593330,100.19,100.78,99.86
01/31/2023,100.22,12083590,100.16,100.34,99.825
01/30/2023,99.81,6822012,99.90,100.0904,99.80
01/27/2023,100.08,5123098,99.96,100.14,99.91
01/26/2023,100.23,5399092,100.33,100.46,100.07
01/25/2023,100.40,5431036,100.26,100.47,100.10
01/24/2023,100.28,6538592,99.84,100.32,99.68
01/23/2023,99.84,6573240,99.80,100.06,99.78
01/20/2023,100.09,6095775,100.17,100.26,99.89
01/19/2023,100.50,8633834,100.73,100.73,100.33
01/18/2023,100.73,7779524,100.76,100.875,100.37
01/17/2023,99.74,8174659,99.74,99.96,99.65
01/13/2023,99.92,6719042,100.02,100.26,99.8321
01/12/2023,100.29,8342746,99.84,100.53,99.49
01/11/2023,99.57,6102954,99.28,99.57,99.2592
01/10/2023,98.96,7291301,99.02,99.15,98.7401
01/09/2023,99.34,7849643,99.06,99.50,99.00
01/06/2023,99.09,8503052,98.13,99.15,98.04
01/05/2023,98.02,9682089,97.64,98.06,97.565
01/04/2023,98.10,10080090,98.17,98.25,97.89
01/03/2023,97.56,19930920,97.97,97.97,97.365
12/30/2022,96.99,8469000,97.25,97.36,96.9741
12/29/2022,97.45,7763261,97.21,97.47,97.1825
12/28/2022,97.09,12131150,97.47,97.50,97.08
12/27/2022,97.26,7925770,97.46,97.615,97.2121
12/23/2022,97.97,4823380,98.05,98.11,97.895
12/22/2022,98.31,8267852,98.32,98.4653,98.215
12/21/2022,98.34,8489423,98.49,98.536,98.19
12/20/2022,98.07,10282170,98.10,98.26,97.98
12/19/2022,98.74,10351010,98.90,98.93,98.6142
12/16/2022,99.35,7546301,98.96,99.52,98.94
12/15/2022,99.61,9424090,99.57,99.70,99.365
12/14/2022,99.69,10623950,99.52,99.79,99.17
12/13/2022,99.47,9120641,100.18,100.18,99.40
12/12/2022,98.81,10384260,99.19,99.2355,98.63
12/09/2022,98.79,8994364,99.12,99.21,98.77
12/08/2022,99.38,6307207,99.39,99.5959,99.24
12/07/2022,99.68,6752854,99.29,99.725,99.17
12/06/2022,98.80,7660058,98.71,98.92,98.59
12/05/2022,98.51,8072479,98.82,99.29,98.30
12/02/2022,99.29,6367993,98.49,99.295,98.30
12/01/2022,98.88,12471320,98.30,98.89,98.17
11/30/2022,98.29,8963551,97.48,98.32,97.285
11/29/2022,97.53,6643300,97.54,97.7885,97.492
11/28/2022,97.88,7920752,98.14,98.19,97.835
11/25/2022,98.04,2718602,97.81,98.04,97.81
11/23/2022,98.02,5885623,97.58,98.02,97.58
11/22/2022,97.44,8039011,97.18,97.50,97.18
11/21/2022,96.94,6829111,97.27,97.3355,96.91
11/18/2022,97.00,4714973,97.22,97.325,96.91
11/17/2022,97.14,6889201,97.03,97.165,96.85
11/16/2022,97.55,11075020,97.25,97.63,97.135
11/15/2022,96.95,7961974,96.80,96.95,96.605
11/14/2022,96.24,7457618,96.43,96.45,96.175
11/11/2022,96.51,4953168,96.23,96.605,96.23
11/10/2022,96.58,8494808,95.98,96.58,95.79
11/09/2022,94.55,6694180,94.39,94.7001,94.25
11/08/2022,94.44,5834912,94.24,94.6099,94.22
11/07/2022,94.04,7597242,94.41,94.46,94.03
11/04/2022,94.34,6918307,94.43,94.64,94.17
11/03/2022,94.35,9314775,93.97,94.505,93.93
11/02/2022,94.70,8584173,94.98,95.51,94.53
11/01/2022,94.86,8096833,95.25,95.35,94.6501
10/31/2022,94.90,10946420,95.01,95.06,94.60
10/28/2022,95.22,6229253,95.01,95.46,94.98
10/27/2022,95.46,6913500,95.21,95.6204,94.99
10/26/2022,94.98,7884252,94.78,95.17,94.76
10/25/2022,94.56,11710400,94.39,94.705,94.36
10/24/2022,93.64,6090397,93.77,94.03,93.45
10/21/2022,93.77,8371273,93.27,93.865,93.20
10/20/2022,93.63,9013040,94.06,94.2555,93.5648
10/19/2022,94.20,6316065,94.41,94.5584,94.1528
10/18/2022,95.02,6389064,95.11,95.18,94.64
10/17/2022,94.86,5460624,95.25,95.40,94.83
10/14/2022,94.66,8580697,95.63,95.63,94.61
10/13/2022,95.18,6254435,94.23,95.44,94.175
10/12/2022,95.48,5651195,95.25,95.61,95.23
10/11/2022,95.40,8892773,95.63,95.83,95.27
10/10/2022,95.34,4074744,95.73,95.75,95.1536
10/07/2022,95.77,6149631,95.81,96.01,95.68
10/06/2022,96.28,5625145,96.59,96.71,96.21
10/05/2022,96.66,9512807,96.69,96.99,96.27
10/04/2022,97.17,6964233,97.21,97.55,97.0811
10/03/2022,96.91,9617946,96.89,97.48,96.64
09/30/2022,96.34,14376290,96.86,97.09,96.19
09/29/2022,96.57,8666051,96.48,96.7999,96.29
09/28/2022,97.08,10539880,96.47,97.1277,96.27
09/27/2022,95.54,11440210,95.975,96.075,95.375
09/26/2022,95.95,9010119,96.87,96.91,95.865
09/23/2022,97.20,11059540,97.40,97.45,96.89
09/22/2022,97.50,7092379,97.90,97.92,97.4039
09/21/2022,98.55,7094443,98.40,98.6001,97.86
09/20/2022,98.24,11271700,98.21,98.40,98.08
09/19/2022,98.68,5982197,98.53,98.84,98.48
09/16/2022,98.83,6965431,98.66,99.01,98.61
09/15/2022,98.90,6016666,99.04,99.1057,98.8436
09/14/2022,99.20,7557369,99.00,99.35,98.97
09/13/2022,99.07,4957421,98.91,99.19,98.895
09/12/2022,99.63,8535467,100.00,100.09,99.51
09/09/2022,99.78,7496080,99.99,100.13,99.73
09/08/2022,99.79,5546199,100.00,100.18,99.785
09/07/2022,100.11,3607139,99.73,100.13,99.72
09/06/2022,99.42,5341272,99.96,99.97,99.41
09/02/2022,100.36,5966840,100.37,100.67,100.13
09/01/2022,100.07,8961796,100.07,100.145,99.66
08/31/2022,100.71,6116453,101.04,101.23,100.641
08/30/2022,101.25,6573668,101.26,101.445,100.93
08/29/2022,101.12,7508960,101.27,101.28,101.055
08/26/2022,101.61,5584793,101.67,101.85,101.42
08/25/2022,101.80,8217318,101.33,101.87,101.2426
08/24/2022,101.24,6319122,101.35,101.395,101.15
08/23/2022,101.51,7369600,101.54,101.9671,101.40
08/22/2022,101.55,7133245,101.82,101.89,101.515
08/19/2022,101.99,4575547,102.13,102.13,101.845
08/18/2022,102.71,4260579,102.70,102.93,102.64
08/17/2022,102.49,7222288,102.64,102.735,102.34
08/16/2022,103.10,4976060,103.13,103.13,102.79
08/15/2022,103.25,3782889,103.37,103.45,103.24
08/12/2022,103.12,3643558,102.97,103.12,102.72
08/11/2022,102.66,8518254,103.38,103.63,102.615
08/10/2022,103.21,7156420,103.43,103.675,103.1095
08/09/2022,102.95,3854013,102.92,103.045,102.84
08/08/2022,103.18,3424967,103.10,103.29,103.04
08/05/2022,102.71,4847064,102.81,102.83,102.52
08/04/2022,103.87,5199672,103.67,103.89,103.57
08/03/2022,103.62,6261918,103.03,103.64,102.72
08/02/2022,103.16,6869385,104.27,104.345,103.135
08/01/2022,104.23,7733744,103.99,104.305,103.91
07/29/2022,104.07,7674760,103.94,104.395,103.83
07/28/2022,104.06,6473834,104.09,104.205,103.835
07/27/2022,103.32,5431438,103.19,103.64,103.18
07/26/2022,102.96,6312403,103.44,103.51,102.96
07/25/2022,102.98,3729487,102.90,103.09,102.87
07/22/2022,103.36,7323110,103.26,103.60,103.115
07/21/2022,102.56,5919977,101.96,102.58,101.96
07/20/2022,101.71,6123970,102.16,102.17,101.665
07/19/2022,101.78,5936232,101.95,101.99,101.6615
07/18/2022,101.92,6006406,102.00,102.03,101.72
07/15/2022,102.25,8640415,101.94,102.35,101.90
07/14/2022,101.85,6233275,101.51,101.98,101.33
07/13/2022,102.21,6534738,101.23,102.24,101.19
07/12/2022,101.84,6690559,102.02,102.19,101.82
07/11/2022,101.70,5758407,101.67,101.92,101.6029
07/08/2022,101.23,5270091,101.35,101.4499,101.16
07/07/2022,101.61,8226532,101.94,101.9799,101.52
07/06/2022,101.84,6647665,102.78,102.80,101.84
07/05/2022,102.53,6813402,102.54,102.7043,102.3465
07/01/2022,102.34,7393110,102.21,102.7874,102.09
06/30/2022,101.68,7521306,101.60,101.955,101.575
06/29/2022,101.22,7326495,100.80,101.235,100.68
06/28/2022,100.64,6540036,100.53,100.66,100.395
06/27/2022,100.60,8319683,100.67,100.945,100.475
06/24/2022,101.05,7389583,101.11,101.47,100.995
06/23/2022,101.21,7774051,101.25,101.76,101.125
06/22/2022,100.79,9436995,100.67,100.9296,100.665
06/21/2022,99.94,9022476,100.02,100.26,99.79
06/17/2022,100.34,9892239,100.42,100.57,99.98
06/16/2022,100.35,9329899,99.24,100.36,99.1432
06/15/2022,100.11,10979030,99.69,100.16,99.18
06/14/2022,99.01,10943480,99.84,99.94,98.86
06/13/2022,99.60,9479214,100.10,100.35,99.13
06/10/2022,101.26,7829980,101.67,101.72,101.03
06/09/2022,102.05,5423587,102.07,102.22,101.97
06/08/2022,102.16,4150910,102.42,102.555,102.16
06/07/2022,102.58,5620183,102.42,102.76,102.40
06/06/2022,102.19,5144496,102.67,102.77,102.16
06/03/2022,102.82,6561091,102.67,102.905,102.64
06/02/2022,102.99,7456895,103.06,103.09,102.73
06/01/2022,102.86,8056802,103.39,103.525,102.75
05/31/2022,103.47,10491720,103.53,103.64,103.285
05/27/2022,104.13,5496283,104.09,104.305,104.0201
05/26/2022,103.96,5720073,104.07,104.19,103.80
05/25/2022,104.04,7718122,103.93,104.07,103.765
05/24/2022,103.61,10332290,103.14,103.74,103.13
05/23/2022,102.82,8007232,103.01,103.20,102.73
05/20/2022,103.16,6731407,102.95,103.21,102.8801
05/19/2022,102.85,10504270,103.20,103.22,102.75
05/18/2022,102.59,6093818,102.11,102.639,102.075
05/17/2022,102.18,6559038,102.27,102.43,102.14
05/16/2022,102.74,7239212,102.71,102.97,102.69
05/13/2022,102.51,6715579,102.75,102.78,102.48
05/12/2022,102.95,9015308,102.94,103.14,102.865
05/11/2022,102.76,16461960,102.07,102.785,101.96
05/10/2022,102.38,18464960,102.52,102.72,102.32
05/09/2022,102.07,8640927,101.54,102.10,101.475
05/06/2022,101.57,8314307,101.66,101.95,101.49
05/05/2022,102.00,17474430,102.48,102.52,101.585
05/04/2022,103.02,14656380,102.32,103.05,102.12
05/03/2022,102.36,12165260,102.71,102.79,102.29
05/02/2022,102.13,12729040,102.32,102.36,102.00
04/29/2022,102.87,9924179,102.92,103.27,102.82
04/28/2022,103.49,10372230,103.33,103.51,103.165
04/27/2022,103.53,11185370,103.91,104.01,103.53
04/26/2022,103.95,8535145,104.13,104.13,103.80
04/25/2022,103.63,8777519,103.47,103.93,103.47
04/22/2022,102.94,9159006,102.73,103.18,102.67
04/21/2022,103.04,11396050,103.44,103.47,102.79
04/20/2022,103.61,8460184,103.36,103.7356,103.30
04/19/2022,103.02,7847461,103.26,103.4264,102.974
04/18/2022,103.65,8632981,103.97,104.015,103.61
04/14/2022,103.97,8510083,104.73,104.74,103.93
04/13/2022,104.82,6801024,104.77,105.09,104.74
04/12/2022,104.61,8498697,104.80,104.92,104.58
04/11/2022,104.28,8381780,104.44,104.505,104.17
04/08/2022,104.73,6503173,104.82,105.01,104.615
04/07/2022,105.26,7922503,105.38,105.51,105.13
04/06/2022,105.49,13115970,105.21,105.805,105.115
04/05/2022,105.76,11028330,106.58,106.625,105.74
04/04/2022,106.84,9956504,106.84,106.87,106.56
04/01/2022,106.75,11581630,106.35,106.95,106.25
03/31/2022,107.10,13799160,107.17,107.38,107.06
03/30/2022,107.15,11544370,106.60,107.15,106.59
03/29/2022,106.86,11396570,106.61,106.89,106.455
03/28/2022,106.36,8540492,106.25,106.5252,106.16
03/25/2022,106.10,10540250,106.57,106.65,105.975
03/24/2022,106.95,7480541,106.72,107.035,106.65
03/23/2022,107.19,9060751,106.96,107.21,106.7105
03/22/2022,106.75,16120490,106.74,106.88,106.61
03/21/2022,107.04,8024821,107.58,107.649,106.9841
03/18/2022,108.10,7864062,107.93,108.14,107.9203
03/17/2022,107.86,8035416,107.846,108.06,107.73
03/16/2022,107.68,16805400,107.63,107.73,107.0032
03/15/2022,107.60,14001160,107.84,107.92,107.43
03/14/2022,107.36,10961640,107.79,107.816,107.36
03/11/2022,108.41,11997840,108.44,108.55,108.34
03/10/2022,108.43,16234910,108.66,108.68,108.25
03/09/2022,109.04,11192340,109.10,109.209,108.93
03/08/2022,109.27,9933667,109.25,109.3301,109.1201
03/07/2022,109.66,12740570,109.87,110.14,109.64
03/04/2022,110.30,8556616,110.40,110.55,110.225
03/03/2022,109.86,15802640,109.79,110.00,109.65
03/02/2022,109.49,9028866,110.30,110.38,109.46
03/01/2022,110.82,14355120,110.60,111.17,110.57
02/28/2022,110.36,16594640,110.03,110.43,110.02
02/25/2022,109.57,10089130,109.45,109.58,109.33
02/24/2022,109.46,12372110,109.67,109.7681,109.17
02/23/2022,109.26,11732150,109.52,109.55,109.23
02/22/2022,109.75,7604428,109.68,109.78,109.5616
02/18/2022,109.87,7111143,109.83,109.88,109.71
02/17/2022,109.64,10216990,109.58,109.805,109.5146
02/16/2022,109.41,8115969,109.44,109.4849,109.10
02/15/2022,109.28,5820180,109.36,109.51,109.24
02/14/2022,109.46,8843670,109.66,109.76,109.40
02/11/2022,110.10,13868360,109.74,110.155,109.3439
02/10/2022,109.38,10761160,109.97,110.06,109.38
02/09/2022,110.40,9194441,110.51,110.68,110.39
02/08/2022,110.33,7986961,110.44,110.48,110.32
02/07/2022,110.67,6723367,110.57,110.71,110.47
02/04/2022,110.57,6967250,110.75,110.75,110.4707
02/03/2022,111.27,10290430,111.26,111.37,111.13
02/02/2022,111.72,7967892,111.70,111.97,111.6744
02/01/2022,111.60,10356010,111.66,111.6764,111.38
01/31/2022,111.80,12837440,111.64,111.89,111.60
01/28/2022,111.81,10855690,111.46,111.86,111.44
01/27/2022,111.73,6146781,111.62,111.88,111.62
01/26/2022,111.36,10729370,112.06,112.13,111.36
01/25/2022,111.99,9540988,112.18,112.30,111.96
01/24/2022,112.10,12131420,112.381,112.42,112.10
01/21/2022,112.23,8679614,112.19,112.35,112.11
01/20/2022,111.79,7186396,111.84,111.90,111.75
01/19/2022,111.73,8320991,111.70,111.89,111.65
01/18/2022,111.49,7943803,111.81,111.86,111.47
01/14/2022,112.17,9113399,112.53,112.545,112.15
01/13/2022,112.80,8454265,112.60,112.80,112.51
01/12/2022,112.60,6713197,112.72,112.785,112.58
01/11/2022,112.60,6728618,112.33,112.63,112.265
01/10/2022,112.39,8074992,112.23,112.42,112.1427
01/07/2022,112.49,9018905,112.69,112.705,112.34
01/06/2022,112.82,8866493,112.75,112.84,112.66
01/05/2022,112.94,8530902,113.34,113.36,112.90
01/04/2022,113.29,7772171,113.22,113.30,113.075
01/03/2022,113.30,9399276,113.67,113.6753,113.30
12/31/2021,114.08,7989476,114.15,114.31,114.06
12/30/2021,114.12,5455434,113.99,114.13,113.83
12/29/2021,113.87,5933775,113.99,114.05,113.81
12/28/2021,114.21,5253786,114.43,114.45,114.17
12/27/2021,114.26,5436840,114.15,114.30,114.13
12/23/2021,114.20,5506661,114.29,114.31,114.07
12/22/2021,114.34,6171714,114.33,114.35,114.17
12/21/2021,114.24,12970210,114.07,114.32,113.97
12/20/2021,114.33,7382619,114.57,114.61,114.32
12/17/2021,114.50,7428096,114.55,114.68,114.47
12/16/2021,114.36,7566579,114.26,114.48,114.26
12/15/2021,114.32,7459084,114.23,114.445,114.11
12/14/2021,114.41,7503635,114.46,114.54,114.26
12/13/2021,114.63,8659260,114.51,114.705,114.46
12/10/2021,114.23,6501338,114.37,114.51,114.22
12/09/2021,114.20,8646766,114.28,114.386,114.12
12/08/2021,114.19,8050116,114.37,114.37,114.05
12/07/2021,114.49,6787061,114.52,114.71,114.45
12/06/2021,114.67,9416707,114.98,115.0391,114.6196
12/03/2021,115.07,7600888,114.50,115.24,114.46
12/02/2021,114.61,7759699,114.67,114.79,114.4001
12/01/2021,114.63,12772740,114.27,114.64,114.21
11/30/2021,114.77,13109000,114.87,115.1074,114.50
11/29/2021,114.58,8982838,114.15,114.60,114.13
11/26/2021,114.52,3258891,114.33,114.5769,114.20
11/24/2021,113.71,8472445,113.47,113.725,113.3905
11/23/2021,113.45,6275143,113.71,113.77,113.45
11/22/2021,113.90,6995331,114.14,114.23,113.82
11/19/2021,114.45,5688583,114.49,114.59,114.415
11/18/2021,114.23,4230789,114.05,114.28,114.03
11/17/2021,114.13,7173096,113.79,114.13,113.77
11/16/2021,113.86,7484034,113.92,114.11,113.84
11/15/2021,113.90,6405000,114.30,114.31,113.90
11/12/2021,114.32,4554672,114.50,114.585,114.26
11/11/2021,114.34,3937147,114.51,114.57,114.30
11/10/2021,114.55,11620260,115.11,115.14,114.395
11/09/2021,115.33,8960485,115.38,115.50,115.29
11/08/2021,115.01,4922756,115.14,115.15,114.95
11/05/2021,115.22,7283109,114.99,115.3199,114.9001
11/04/2021,114.77,6618091,114.51,114.84,114.48
11/03/2021,114.39,6421690,114.65,114.69,114.2501
11/02/2021,114.62,5317021,114.43,114.69,114.43
11/01/2021,114.39,6198199,114.16,114.42,114.14
10/29/2021,114.64,10047910,114.35,114.78,114.35
10/28/2021,114.67,5916055,114.71,114.825,114.57
10/27/2021,114.76,8048651,114.66,114.915,114.425
10/26/2021,114.38,5429821,114.25,114.38,114.11
10/25/2021,114.17,8569649,114.06,114.27,114.06
10/22/2021,114.06,3528834,113.97,114.1399,113.895
10/21/2021,113.84,5228294,114.01,114.04,113.84
10/20/2021,114.08,6183697,114.17,114.29,114.06
10/19/2021,114.16,5041044,114.37,114.37,114.16
10/18/2021,114.49,5575055,114.33,114.56,114.25
10/15/2021,114.57,4644812,114.61,114.63,114.51
10/14/2021,114.85,4094516,114.70,114.85,114.63
10/13/2021,114.63,5522671,114.43,114.64,114.415
10/12/2021,114.37,3688376,114.17,114.38,114.11
10/11/2021,113.95,2178356,114.01,114.065,113.94
10/08/2021,114.13,4581904,114.31,114.35,114.07
10/07/2021,114.38,4456194,114.46,114.50,114.34
10/06/2021,114.70,4893390,114.68,114.73,114.59
10/05/2021,114.65,7422000,114.82,114.867,114.61
10/04/2021,114.92,4180607,114.92,115.03,114.795
10/01/2021,115.00,7064531,114.82,115.06,114.79
09/30/2021,114.83,5348804,114.77,114.86,114.69
09/29/2021,114.85,6161321,114.97,115.06,114.715
09/28/2021,114.77,7017089,114.90,114.9999,114.695
09/27/2021,115.25,5630622,115.21,115.375,115.185
09/24/2021,115.41,4461937,115.50,115.5055,115.319
09/23/2021,115.61,8265009,115.93,115.94,115.57
09/22/2021,116.18,7139913,116.11,116.25,116.005
09/21/2021,116.14,5225248,116.13,116.17,116.045
09/20/2021,116.09,5464713,116.02,116.17,115.975
09/17/2021,115.87,5742502,115.80,115.875,115.7428
09/16/2021,115.97,4265519,115.95,116.11,115.905
09/15/2021,116.17,3448467,116.29,116.2929,116.09
09/14/2021,116.28,4183570,116.07,116.38,116.07
09/13/2021,116.02,3954120,116.00,116.075,115.96
09/10/2021,115.87,3957348,115.99,116.01,115.7801
09/09/2021,116.10,3332649,115.84,116.147,115.755
09/08/2021,115.73,3417489,115.70,115.82,115.62
09/07/2021,115.54,3579852,115.64,115.6457,115.4737
09/03/2021,115.85,5274341,115.84,115.89,115.7707
09/02/2021,116.05,5427270,116.02,116.06,115.92
09/01/2021,115.93,4153988,116.02,116.02,115.81
08/31/2021,116.06,6763941,116.18,116.285,116.02
08/30/2021,116.23,3706042,116.015,116.23,116.00
08/27/2021,116.10,5545551,115.81,116.10,115.7146
08/26/2021,115.78,4879211,115.76,115.79,115.6444
08/25/2021,115.77,5452000,115.99,116.011,115.681
08/24/2021,115.99,5875388,116.08,116.14,115.96
08/23/2021,116.16,6585417,116.09,116.18,116.04
08/20/2021,116.16,2897840,116.18,116.21,116.08
08/19/2021,116.15,4581313,116.12,116.155,116.02
08/18/2021,115.95,3981911,115.94,116.03,115.80
08/17/2021,115.94,5469248,115.98,116.09,115.93
08/16/2021,116.03,3693626,116.14,116.27,116.03
08/13/2021,115.97,4599811,115.65,115.97,115.6401
08/12/2021,115.55,5017250,115.49,115.5799,115.40
08/11/2021,115.54,6674630,115.46,115.70,115.34
08/10/2021,115.43,7332093,115.65,115.65,115.43
08/09/2021,115.58,5298656,115.89,115.96,115.58
08/06/2021,115.79,3811953,115.93,116.02,115.78
08/05/2021,116.31,3283363,116.46,116.48,116.28
08/04/2021,116.57,4654252,116.77,116.83,116.30
08/03/2021,116.58,3715333,116.56,116.69,116.5306
08/02/2021,116.54,5753765,116.36,116.68,116.305
07/30/2021,116.46,5552109,116.36,116.485,116.3532
07/29/2021,116.30,6629507,116.29,116.36,116.225
07/28/2021,116.49,5463630,116.24,116.49,116.14
07/27/2021,116.38,5423774,116.35,116.40,116.2727
07/26/2021,116.11,7127420,116.30,116.33,116.085
07/23/2021,116.21,4441022,116.03,116.22,116.03
07/22/2021,116.29,8176256,116.03,116.35,116.03
07/21/2021,116.02,9686429,116.075,116.15,115.92
07/20/2021,116.40,8474754,116.78,116.82,116.32
07/19/2021,116.51,6688067,116.39,116.6085,116.35
07/16/2021,115.90,3869611,115.77,115.96,115.76
07/15/2021,116.00,4480890,115.94,116.02,115.7222
07/14/2021,115.75,4977399,115.59,115.76,115.569
07/13/2021,115.36,5145171,115.65,115.76,115.3022
07/12/2021,115.61,4266616,115.80,115.805,115.60
07/09/2021,115.68,4750779,115.735,115.76,115.68
07/08/2021,116.06,6538371,116.04,116.18,115.96
07/07/2021,115.93,7786358,115.83,116.015,115.75
07/06/2021,115.73,7372886,115.51,115.83,115.51
07/02/2021,115.36,4312838,115.23,115.37,115.17
07/01/2021,115.11,4744859,115.15,115.19,115.01
06/30/2021,115.33,6653138,115.36,115.45,115.30
06/29/2021,115.25,5097132,115.06,115.25,115.045
06/28/2021,115.19,5739041,115.04,115.23,115.04
06/25/2021,114.86,6496582,115.11,115.13,114.7516
06/24/2021,115.09,8357942,115.10,115.17,115.045
06/23/2021,115.05,5070470,115.06,115.138,114.99
06/22/2021,115.11,6485071,114.83,115.14,114.83
06/21/2021,114.99,6875480,115.06,115.12,114.921
06/18/2021,115.29,5690395,115.05,115.39,114.91
06/17/2021,114.98,7641819,114.792,115.25,114.785
06/16/2021,114.62,8654214,115.07,115.1285,114.51
06/15/2021,114.99,8230360,114.90,115.02,114.87
06/14/2021,114.94,3270788,115.18,115.18,114.935
06/11/2021,115.23,3781860,115.31,115.32,115.16
06/10/2021,115.28,4021902,115.30,115.31,114.8605
06/09/2021,115.04,3643098,115.43,115.43,114.97
06/08/2021,114.81,4395332,114.84,114.87,114.78
06/07/2021,114.60,3728371,113.97,114.64,113.97
06/04/2021,114.68,4535897,114.39,114.68,114.22
06/03/2021,114.21,3464339,114.31,114.46,114.21
06/02/2021,114.48,6103871,114.45,114.51,114.30
06/01/2021,114.33,6209773,114.36,114.40,114.164
05/28/2021,114.55,6768941,114.55,114.68,114.50
05/27/2021,114.55,5072323,114.61,114.62,114.45
05/26/2021,114.69,3969393,114.13,114.80,114.13
05/25/2021,114.73,6351673,114.58,114.75,114.0285
05/24/2021,114.45,3867733,114.50,114.51,114.38
05/21/2021,114.34,3873173,114.36,114.40,114.23
05/20/2021,114.29,6243292,114.08,114.30,114.08
05/19/2021,113.90,6892441,114.62,114.62,113.79
05/18/2021,114.06,3674624,114.11,114.11,114.03
05/17/2021,114.20,4926557,114.21,114.25,114.15
05/14/2021,114.30,3985440,114.22,114.30,114.1219
05/13/2021,114.04,6772308,113.90,114.06,113.78
05/12/2021,113.78,7000777,113.98,114.01,113.78
05/11/2021,114.18,6161678,114.23,114.38,114.13
05/10/2021,114.43,5576535,114.61,114.72,114.40
05/07/2021,114.61,7005205,114.85,114.97,114.57
05/06/2021,114.64,4739453,114.55,114.71,114.53
05/05/2021,114.62,3329011,114.45,114.62,114.45
05/04/2021,114.53,6291480,114.55,114.70,114.41
05/03/2021,114.39,5939532,114.40,114.59,114.33
04/30/2021,114.49,6469535,114.41,114.515,114.33
04/29/2021,114.37,6254127,114.14,114.37,114.09
04/28/2021,114.43,7078559,114.45,114.4685,114.20
04/27/2021,114.37,3823347,115.13,115.13,114.37
04/26/2021,114.65,3480303,114.74,114.8015,114.65
04/23/2021,114.75,3813862,114.81,115.086,114.6415
04/22/2021,114.77,4571030,114.74,114.80,114.59
04/21/2021,114.74,5511435,114.60,114.74,114.53
04/20/2021,114.63,4322279,114.42,114.67,114.39
04/19/2021,114.45,5072766,114.00,114.50,114.00
04/16/2021,114.54,3663673,114.56,114.665,114.50
04/15/2021,114.84,6753201,113.78,114.98,113.78
04/14/2021,114.39,3620530,114.41,114.44,114.28
04/13/2021,114.48,4040521,114.12,114.48,114.11
04/12/2021,114.15,3845011,114.172,114.172,114.00
04/09/2021,114.18,7467129,114.11,114.33,114.035
04/08/2021,114.31,4932133,114.18,114.31,114.13
04/07/2021,114.03,4505626,114.12,114.2968,114.025
04/06/2021,114.21,4864120,113.98,114.22,113.95
04/05/2021,113.81,9230132,113.78,113.89,113.69
04/01/2021,114.04,10767220,113.93,114.05,113.83
03/31/2021,113.83,6309151,113.84,113.98,113.71
03/30/2021,113.81,4996946,113.64,113.85,113.525
03/29/2021,113.72,7630810,113.52,114.00,113.52
03/26/2021,113.91,4333939,113.91,114.075,113.86
03/25/2021,114.10,5177994,114.24,114.29,113.99
03/24/2021,114.16,6352692,113.90,114.20,113.86
03/23/2021,114.02,5525062,113.89,114.04,113.77
03/22/2021,113.73,5468656,113.70,113.80,113.6022
03/19/2021,113.51,4701406,113.40,113.54,113.33
03/18/2021,113.42,6222247,113.32,113.55,113.20
03/17/2021,113.86,6229776,113.55,113.9778,113.48
03/16/2021,113.87,3991008,113.97,114.032,113.78
03/15/2021,113.91,5001788,113.60,114.01,113.60
03/12/2021,113.79,5066976,113.88,113.91,113.705
03/11/2021,114.44,8827827,114.47,114.54,114.295
03/10/2021,114.45,6936942,114.30,114.50,114.275
03/09/2021,114.26,5676798,114.20,114.31,114.00
03/08/2021,113.83,5639392,114.20,114.23,113.83
03/05/2021,114.28,8675690,114.17,114.3197,114.05
03/04/2021,114.36,5953553,114.79,114.80,114.26
03/03/2021,114.69,10317490,114.80,114.83,114.60
03/02/2021,115.11,10111340,115.04,115.12,114.95
03/01/2021,115.09,13018090,114.97,115.5899,114.89
02/26/2021,115.34,11333380,114.96,115.39,114.5915
02/25/2021,114.41,14926910,115.01,115.29,114.20
02/24/2021,115.47,6232271,115.06,115.50,115.01
02/23/2021,115.51,6035405,115.75,115.75,115.27
02/22/2021,115.48,4894556,115.76,115.8662,115.48
02/19/2021,115.84,4673220,116.0187,116.06,115.7515
02/18/2021,116.20,5333967,116.14,116.28,116.03
02/17/2021,116.26,7795885,116.22,116.29,116.145
02/16/2021,116.03,5682753,116.22,116.23,116.02
02/12/2021,116.58,3284934,116.67,116.74,116.5418
02/11/2021,116.85,3470842,117.03,117.03,116.80
02/10/2021,116.99,4378370,116.97,117.01,116.92
02/09/2021,116.88,4533527,116.94,116.97,116.8215
02/08/2021,116.83,4704165,116.75,116.9285,116.72
02/05/2021,116.71,3446584,116.91,116.96,116.70
02/04/2021,116.86,5287405,116.75,116.89,116.69
02/03/2021,116.91,5492357,116.97,116.99,116.87
02/02/2021,117.05,7323411,116.99,117.09,116.97
02/01/2021,117.23,6621900,117.20,117.26,117.0915
